title,description,category,url,image,provider,datePublished,sentiment
XRP News Today: Ripple CEO Criticizes SEC Strategy as XRP Trails Market,"On Friday, October 11, XRP gained 1.55%, following a rise of 1.22% from the previous session, closing at $0.5382. Despite the gains, XRP underperformed the broader crypto market, which rallied 3.11% to a total market cap of $2.130 trillion.",Business,https://www.fxempire.com/forecasts/article/xrp-news-today-ripple-ceo-criticizes-sec-strategy-as-xrp-trails-market-1468111,https://www.bing.com/th?id=OVFT.p5fSiY4hyYqaiU-hbxwsFC&pid=News,FXEmpire.com,12-Oct-24,neutral
Ground-breaking new Plymouth salon opens with a difference,"After two years of planning, a new hair salon has opened on Mutley Plain ... Click here to join PlymouthLive on WhatsApp and we'll send breaking news and top stories directly to your phone. We also treat our community members to special offers, promotions ...",ScienceAndTechnology,https://www.msn.com/en-gb/lifestyle/lifestylegeneral/ground-breaking-new-plymouth-salon-opens-with-a-difference/ar-AA1s8cS4,https://www.bing.com/th?id=OVFT.LNz2edehFb7oGmn0uHJ9JC&pid=News,Plymouth Herald on MSN.com,12-Oct-24,neutral
"Mohammed Shami OUT, Yashasvi Jaiswal IN: Complete List Of Changes In India Squad From WTC 2021 Final Vs New Zealand","The last time that India and New Zealand took on each other was way back in 2021 during the World Test Championship (WTC) final at the Rose Bowl in Southampton. Three years have passed since then, and the India squad that has been announced for the recent series has undergone a lot of changes,",LifeStyle,https://www.msn.com/en-in/sports/cricket/mohammed-shami-out-yashasvi-jaiswal-in-complete-list-of-changes-in-india-squad-from-wtc-2021-final-vs-new-zealand/ar-AA1s8Rqu,https://www.bing.com/th?id=OVFT.35fE6TybVPYk7IZ_oIiC_S&pid=News,Times Now on MSN.com,12-Oct-24,neutral
New tower truck hottest news in Marietta firefighting,The Marietta Fire Department unveiled its new tower truck Friday as officials believe it will be serving the community for at least the next 30 years. The department received the new 2024 Sutphen SPH100 ladder truck and was showing it to the community as well as Mayor Josh Schlicher and others.,Politics,https://www.newsandsentinel.com/news/community-news/2024/10/new-tower-truck-hottest-news-in-marietta-firefighting/,https://www.bing.com/th?id=OVFT.W3yRnOeJ2uTDhNJlFIoiOi&pid=News,Parkersburg News and Sentinel,12-Oct-24,neutral
"Dramatic new video shows shivering climbers stuck on an icy ledge at 21,000ft - here's how they survived","The shocking new footage shows the women climbers on a ledge, looking cold, emaciated and hungry after they got into difficulty while trekking up India's Chaukhamba mountain.",World,https://www.dailymail.co.uk/news/article-13950919/climbers-stuck-himalayas-michelle-dvorak-fay-manners.html,https://www.bing.com/th?id=OVFT.qvIlfRzTKCf_TT4lzo1JoC&pid=News,Daily Mail,12-Oct-24,negative
Inside Holly Willoughby's plush London home as she prepares for huge new career move,The former This Morning star lives in a lavish £3 million pound Edwardian home in South West London with her husband Dan and three children.,Entertainment,https://www.dailyrecord.co.uk/entertainment/celebrity/gallery/inside-holly-willoughbys-plush-london-33843643,https://www.bing.com/th?id=OVFT.U1BvTrBuw57Y93e9QWDwQS&pid=News,Daily Record,12-Oct-24,neutral
New Christopher Nolan movie swerves Warner Bros in alleged snub,"Christopher Nolan’s new movie is gaining traction, but according to reports, Warner Bros have missed out on his latest project.",Entertainment,https://www.dexerto.com/tv-movies/christopher-nolan-new-movie-warner-bros-snub-2930654/,https://www.bing.com/th?id=OVFT.8QCCXsMdl2YaQmHfMBppbS&pid=News,Dexerto,12-Oct-24,neutral
5 Takeaways From Vance’s Interview With The New York Times,"Pressed to say if he thought the 2020 election was stolen, JD Vance repeatedly sidestepped. And he defended the sentiment behind his “childless cat ladies” comment, even as he regretted his word choice.",Politics,https://www.nytimes.com/2024/10/12/us/politics/vance-interview-takeaways.html,https://www.bing.com/th?id=OVFT.JjlAR5UScU-27_IjK00s8i&pid=News,The New York Times,12-Oct-24,neutral
Middle East latest: Israel's military orders people in northern Gaza to evacuate; 'outrage' after peacekeepers injured in Lebanon,"Israel's military has told people in northern Gaza to head south to avoid being in a ""dangerous combat zone"". Meanwhile, France, Spain and Italy have accused Israel of violating international law after peacekeepers were injured in Lebanon.",World,https://news.sky.com/story/israel-hezbollah-lebanon-beirut-un-tank-iran-gaza-hamas-latest-sky-news-live-12978800?postid=8429120,https://www.bing.com/th?id=OVFT.Z144WY2PUcn5xVqAo35uNC&pid=News,Sky,12-Oct-24,negative
Lennon Miller one Rangers should 'definitely' be watching as Cerny and Bajrami snapped in shirt exchange - Ibrox news bulletin,It is your latest headlines from Light Blues with one former star signing the praises of Motherwell top talent Lennon Miller,Sports,https://www.msn.com/en-gb/sport/football/lennon-miller-one-rangers-should-definitely-be-watching-as-cerny-and-bajrami-snapped-in-shirt-exchange-ibrox-news-bulletin/ar-AA1s8zyl,https://www.bing.com/th?id=OVFT.B-5X65uGltwLW8fFag5NJy&pid=News,Daily Record on MSN.com,12-Oct-24,positive
City Hall Is in Crisis. Who’s Running New York?,Mayor Eric Adams is relying on a group of respected civil servants to run the city and a trio of advisers to salvage his political career. Some say it’s too late.,Politics,https://www.nytimes.com/2024/10/12/nyregion/eric-adams-administration.html,https://www.bing.com/th?id=OVFT.V_yqVl0wD-DcRZX1UExu_y&pid=News,The New York Times,12-Oct-24,negative
"Elton John, 77, makes worrying health admission in new documentary","Sir Elton John has spoken about 'life and death' in a new documentary, as he admitted he has started to think about the future given his age and recent health issues",Entertainment,https://www.nottinghampost.com/news/celebs-tv/elton-john-77-makes-worrying-9626616,https://www.bing.com/th?id=OVFT.9VgFwEuPybffARaf84TYvy&pid=News,Nottingham Post,12-Oct-24,negative
Tim Walz faces new question: How many 'misspeaks' can a 'knucklehead' get away with?,VP nominee Tim Walz is responsible for a number of verbal flubs and exaggerations. Will it hurt Kamala Harris and the Democratic ticket?,Politics,https://www.jsonline.com/story/news/politics/elections/2024/10/12/tim-walz-gaffes-2024-election-impact/75478078007/,https://www.bing.com/th?id=OVFT.ZCNw-ZsF6WG1p3MGwRS76y&pid=News,Milwaukee Journal Sentinel,12-Oct-24,neutral
Emily In Paris star Kate Walsh shows off her incredible figure in a lime bikini as she hits the beach in Perth with her fiancé Andrew Nixon after settling into new life Down Under,"The Emily In Paris star, 56, showed off her incredible figure in a skimpy lime green bikini as she enjoyed a dip in the sea with Aussie farmer Andrew.",Entertainment,https://www.dailymail.co.uk/tvshowbiz/article-13951995/Emily-Paris-Kate-Walsh-bikini-beach-Perth-fianc.html,https://www.bing.com/th?id=OVFT.Z40lp7Kggl7HottcLG1Eby&pid=News,Daily Mail,12-Oct-24,positive
"Shiv Texchem IPO allotment finalised today; know latest GMP, step-by-step guide to check status","Shiv Texchem IPO allotment has been finalised today, October 11. Investors can check their allotment status on Link Intime's portal. The IPO was oversubscribed 156.55 times and listing is set for October 15 on BSE SME.",Business,https://www.msn.com/en-in/money/news/shiv-texchem-ipo-allotment-in-focus-today-know-latest-gmp-step-by-step-guide-to-check-status/ar-AA1s4pL3,https://www.bing.com/th?id=OVFT.r0HTOZiXF0zkTZg1e-LweC&pid=News,Live Mint on MSN.com,12-Oct-24,neutral
Spotlight on the new NFO: Aditya Birla Sun Life CRISIL-IBX AAA NBFC-HFC Index – Dec 2025 Fund,Let’s understand how Aditya Birla Sun Life CRISIL-IBX AAA NBFC-HFC Index – Dec 2025 Fund can become a relevant addition to your portfolio.,Business,https://www.moneycontrol.com/mc-buzz/spotlight-on-the-new-nfo-aditya-birla-sun-life-crisil-ibx-aaa-nbfc-hfc-index-dec-2025-fund-article-12840496.html,https://www.bing.com/th?id=OVFT.ja82uGFp20RqUpOaMiwsqy&pid=News,moneycontrol.com,12-Oct-24,neutral
Ryan Seacrest opens studio at new Arthur M. Blank Hospital in Atlanta,"The new Children’s Healthcare of Atlanta, Arthur M. Blank Hospital, celebrated a special addition Friday thanks to Georgia native and TV host Ryan Seacrest.",Entertainment,https://www.fox5atlanta.com/news/ryan-seacrest-opens-studio-new-arthur-m-blank-hospital-atlanta,https://www.bing.com/th?id=OVFT.T0P6EJkQuXs4pEsbH5Yvwy&pid=News,FOX 5 Atlanta,12-Oct-24,neutral
Man United handed Zinedine Zidane boost in bad news for Erik ten Hag as theory emerges,"Manchester United are mulling over an approach for Zinedine Zidane with pressure continuing to mount on Erik ten Hag, and they may have a free run at the Frenchman",Sports,https://www.manchestereveningnews.co.uk/sport/football/football-news/man-united-zidane-jim-ratcliffe-30127902,https://www.bing.com/th?id=OVFT.TrVjXIk4zTmJh_Topn8I1i&pid=News,Manchester Evening News,12-Oct-24,neutral
Security News This Week: The FBI Made a Crypto Coin Just to Catch Fraudsters,"Plus: New details emerge in the National Public Data breach, Discord gets blocked in Russia and Turkey over alleged illegal activity on the platform, and more.",ScienceAndTechnology,https://www.wired.com/story/fbi-cryptocurrency-pump-and-dump/,https://www.bing.com/th?id=OVFT.236KErDXEhTD3NpA8liTJC&pid=News,Wired,12-Oct-24,neutral
"Anime film Ramayana: The Legend of Prince Rama's release date in India gets postponed, new date to be announced soon","The highly anticipated 1993 Japanese-Indian anime film, Ramayana: The Legend of Prince Rama, has had its release postponed, as announced by the film's distributors on Friday. A new release date for its Indian theatrical debut will be revealed later.",Entertainment,https://www.moneycontrol.com/entertainment/anime-film-ramayana-the-legend-of-prince-ramas-release-date-in-india-gets-postponed-new-release-date-to-be-announced-soon-article-12840726.html,https://www.bing.com/th?id=OVFT.jcDyylzdPC_zDtWP4isa5i&pid=News,moneycontrol.com,12-Oct-24,neutral
DWP shake-up of PIP assessments and payment levels urged in new reforms,Labour is expected to make major changes to the benefits system after reviewing proposals to replace PIP payments with vouchers,Politics,https://www.msn.com/en-gb/news/newsbirmingham/dwp-shake-up-of-pip-assessments-and-payment-levels-urged-in-new-reforms/ar-AA1s8ltA,https://www.bing.com/th?id=OVFT.ipFaaANA2919GJ8uDqEnGS&pid=News,Birmingham Mail on MSN.com,12-Oct-24,neutral
New Harris vs. Trump polls: Election a toss-up with support seemingly plateauing,"A New York Times/Siena College poll, which includes responses from 3,385 likely voters from Sept. 29 to Oct. 6, also showed Harris leading by three percentage points, with 49% favoring Harris, 46% favoring Trump and the remaining respondents either undecided or planning to vote for a third-party candidate.",Politics,https://www.silive.com/politics/2024/10/new-harris-vs-trump-polls-election-a-toss-up-with-support-seemingly-plateauing.html,https://www.bing.com/th?id=OVFT.FPqutsWRWs5JXB-xOpFEJS&pid=News,Staten Island Advance,12-Oct-24,neutral
"Latest entertainment News, Live Updates Today October 12, 2024: Alia Bhatt reveals Ram Charan adopted a wild elephant in Raha's name as a gift: ‘It might be walking into my ...","Welcome to the live updates platform for Hindustan Times. Follow the major news updates, headlines and breaking news stories from the world of entertainment right here. See the latest developments in Bollywood,",Entertainment,https://www.msn.com/en-in/entertainment/other/latest-entertainment-news-live-updates-today-october-12-2024-alia-bhatt-reveals-ram-charan-adopted-a-wild-elephant-in-raha-s-name-as-a-gift-it-might-be-walking-into-my-building/ar-AA1s780V,https://www.bing.com/th?id=OVFT.Qi89pmm6hp6xwRgOo9H9kC&pid=News,MSN,12-Oct-24,neutral
"Is Nick Chubb playing this week? Latest news, injury updates on Browns RB status for Week 6 vs. Eagles","Browns running back Nick Chubb continues to make progress in his rehab from his left knee injury. The 28-year-old participated in practices on a limited basis throughout the week. Cleveland designated the veteran to return to practice last week from the PUP list, which gives the team until Week 8 to activate him to the active roster.",Sports,https://www.msn.com/en-us/sports/other/is-nick-chubb-playing-this-week-latest-news-injury-updates-on-browns-rb-status-for-week-6-vs-eagles/ar-AA1s8F1N,https://www.bing.com/th?id=OVFT.OZsR2bqsTFIqigmUL2lTUy&pid=News,Sporting News on MSN.com,12-Oct-24,neutral
"ICYMI: the week's 8 biggest tech news stories from Nintendo's new alarm clock, to Toyota's revolutionary EV charging tech","Gurman suspects iOS 18.1, iPadOS 18.1, and macOS Sequoia 15.1 will arrive on October 28, ushering in a new era for Apple as it moves into the AI-powered future. It’s definitely an exciting time to own Apple products, but will features like Writing Tools, Clean Up, and notification summaries be enough to make people care about AI?",ScienceAndTechnology,https://www.techradar.com/tech/icymi-the-weeks-8-biggest-tech-news-stories-from-nintendos-new-alarm-clock-to-toyotas-revolutionary-ev-charging-tech,https://www.bing.com/th?id=OVFT.XvJYMOe1IAIrfCj8fDpRnS&pid=News,TechRadar,12-Oct-24,positive
"Latest Cricket News, Live Updates Today October 12, 2024: Horrible scenes in Women's World Cup, Australia star cries in pain, lays on boundary line before physio rush in",Australia's Tayla Vlaeminck and captain Alyssa Healy suffered nasty injuries during their Women's T20 World Cup 2024 match against Pakistan. Read more news like this on HindustanTimes.com,Sports,https://www.msn.com/en-in/sports/cricket/latest-cricket-news-live-updates-today-october-12-2024-horrible-scenes-in-women-s-world-cup-australia-star-cries-in-pain-lays-on-boundary-line-before-physio-rush-in/ar-AA1s7H3v,https://www.bing.com/th?id=OVFT.T5H2uZSVgp_7b3f23lAe7y&pid=News,Hindustan Times on MSN.com,12-Oct-24,negative
"Chelsea news and transfers LIVE - Thomas Tuchel to Man Utd latest, Brazilian wonderkid linked",The west Londoners could only draw 1-1 with Nottingham Forest last time out despite having several opportunities to win the game. Chelsea are now not in action until October 20 where they travel to Anfield to face top of the table Liverpool.,Sports,https://www.football.london/chelsea-fc/transfer-news/chelsea-news-transfers-live-thomas-30093939,https://www.bing.com/th?id=OVFT.-TlXQENgCEIO6ulMY1yRfC&pid=News,football,08-Oct-24,neutral
"Tracker season 2: Release date, cast and latest news","Tracker season 2 premieres on Sunday 13th October at 8pm on CBS in the US. A UK release date is yet to be confirmed for the second season, but it’s likely that the new run will be released on Disney Plus like season 1.",Entertainment,https://www.radiotimes.com/tv/drama/tracker-season-2-release-date/,https://www.bing.com/th?id=OVFT.nD6LM2WNB73Yt0SK4BbPIC&pid=News,Radio Times,08-Oct-24,neutral
"Alisson, Alexis Mac Allister, Federico Chiesa - latest Liverpool injury news and return dates","Latest Liverpool injury news and return dates with updates on Alisson Becker, Federico Chiesa, Alexis Mac Allister and Harvey Elliott",Sports,https://www.msn.com/en-gb/news/newsliverpool/alisson-alexis-mac-allister-federico-chiesa-latest-liverpool-injury-news-and-return-dates/ar-AA1rYbx9,https://www.bing.com/th?id=OVFT.PJJeW1P3YGcgzpsbHMILBy&pid=News,Liverpool Echo on MSN.com,09-Oct-24,neutral
"Results today, J&K BJP leader names possible nominees to new Assembly, says ‘Centre has all the right’","Sofi Yousuf also says Independents, smaller parties have BJP backing; NC threatens to move SC if needed over nominated members issue",Politics,https://indianexpress.com/article/political-pulse/jk-result-bjp-nominated-members-assembly-9608654/,https://www.bing.com/th?id=OVFT.Sv8htHTHEPy-i2b4b3ra3i&pid=News,The Indian Express,08-Oct-24,negative
OpenAI strikes deal with Hearst to bring more news content to ChatGPT,"As part of the agreement, which was announced on Tuesday, Hearst will license content from Esquire, Cosmopolitan, Elle and more than 40 newspapers for use across OpenAI's products",ScienceAndTechnology,https://www.business-standard.com/technology/tech-news/openai-strikes-deal-with-hearst-to-bring-more-news-content-to-chatgpt-124100801462_1.html,https://www.bing.com/th?id=OVFT.eQ7ADYIo5Tf1YyMGRU_JQi&pid=News,Business Standard,08-Oct-24,neutral
"2.5 lakh new US visa slots for Indians, will help thousands of applicants take timely interviews","In 2023, the US issued over 1.4 lakh student visas to Indians, which is more than in any other country in the world",LifeStyle,https://indianexpress.com/article/india/us-visa-slots-indians-applicants-interviews-9596202/,https://www.bing.com/th?id=OVFT.YhK6sxEmJN4hJF1M2EWlWC&pid=News,The Indian Express,30-Sep-24,neutral
Malik Nabers injury update: Latest news on New York Giants star in Week 6,"The New York Giants were able to pull off an upset win without star Malik Nabers, but they hope to get him back in Week 6. Nabers didn't practice at all last week and was still in the concussion protocol after exiting the game late against the Dallas Cowboys in Week 4.",Sports,https://www.msn.com/en-us/sports/nfl/malik-nabers-injury-update-latest-news-on-new-york-giants-star-in-week-6/ar-AA1rYrPA,https://www.bing.com/th?id=OVFT.9BNGqR_26tPwCfpnlr3TBS&pid=News,Sporting News on MSN.com,09-Oct-24,negative
Bristol City Council refuses to disclose new top boss's taxpayer-funded salary,Bristol City Council has appointed a new chief executive – but is refusing to reveal his taxpayer-funded salary. Full council unanimously approved the cross-party selection committee’s recommendation to offer the job to Nick Hibberd.,Politics,https://www.bristolpost.co.uk/news/bristol-news/bristol-city-council-refuses-disclose-9622540,https://www.bing.com/th?id=OVFT.HuvCBiywuIrfCmTPhyF92y&pid=News,Bristol Post,11-Oct-24,neutral
"Haryana School News: Schools Closed in Panchkula District Due to Elections, Check Latest News","All schools in Panchkula district will remain closed on October 4 and 5, 2024 due to assembly elections. Check latest news here.",Politics,https://www.msn.com/en-in/news/India/haryana-school-news-schools-closed-in-panchkula-district-due-to-elections-check-latest-news/ar-AA1rGky7,https://www.bing.com/th?id=OVFT.zU4XTiPMeONnm8sv947HrS&pid=News,Jagran Josh on MSN.com,04-Oct-24,neutral
Jonathan Taylor injury update: Latest news on Colts star RB in Week 6,"Without Taylor in Week 5, the Colts lost 37-34 once again in Duval. Trey Sermon had 10 carries for 38 rushing yards and a rushing touchdown to go along with six receptions for 25 receiving yards. Tyler Goodson had five carries for 26 rushing yards while adding three receptions for 31 yards.",Sports,https://www.msn.com/en-us/health/other/jonathan-taylor-injury-update-latest-news-on-colts-star-rb-in-week-6/ar-AA1rYdYN,https://www.bing.com/th?id=OVFT.umLJ4DKoSA9kAi-uFF9_ji&pid=News,Sporting News on MSN.com,09-Oct-24,negative
Trump responds to new Fox News call for Harris debate,"Photo: Alamy President Donald Trump reacted on Wednesday to a new call from Fox News for a presidential debate with Vice President Kamala Harris. Trump claimed to win the debates against President Joe Biden and Harris,",Politics,https://www.rsbnetwork.com/news/trump-responds-to-new-fox-news-call-for-harris-debate/,https://www.bing.com/th?id=OVFT.8nllR_L_lqTeXHNEp9JIOS&pid=News,rsbnetwork,10-Oct-24,neutral
Renewables revolution: The good and the bad news from the IEA’s latest wind and solar stocktake,China is likely to account for almost 60 per cent of all renewable capacity installed worldwide between now and 2030.View on euronews,LifeStyle,https://www.msn.com/en-xl/news/other/renewables-revolution-the-good-and-the-bad-news-from-the-iea-s-latest-wind-and-solar-stocktake/ar-AA1rXNVW,https://www.bing.com/th?id=OVFT.5Msvbl69aJagOeyG1klAzS&pid=News,Africanews English on MSN.com,09-Oct-24,neutral
"Arsenal news and transfers LIVE - £58m wonderkid talks, Thomas Partey injury latest","It is day two of the second international break of the Premier League season. Arsenal's international stars have jetted off to represent their countries, while Mikel Arteta will be working with the young players and a number of players who have not gone on international duty back at London Colney.",Sports,https://www.football.london/arsenal-fc/transfer-news/arsenal-news-transfers-live-58m-30093436,https://www.bing.com/th?id=OVFT.XWCqSLymk3XVTI27ShA2XS&pid=News,football,08-Oct-24,neutral
“Grey's Anatomy”'s Jason George Teases There Will Be 'a Whole New Level of Friction' Between Bailey and Ben (Exclusive),"""They had just started to figure out what their working relationship was when he went out to become a firefighter, but now he's coming in with a whole new level of confidence,"" George says of Ben and",Entertainment,https://www.msn.com/en-us/tv/celebrity/greys-anatomy-s-jason-george-teases-there-will-be-a-whole-new-level-of-friction-between-bailey-and-ben-exclusive/ar-AA1s3Xxe,https://www.bing.com/th?id=OVFT.2n76SKSS86ExmiJTFPaIDS&pid=News,People on MSN.com,11-Oct-24,positive
"Kamala Harris overtakes Donald Trump among suburban voters, new poll shows","Kamala Harris has erased Donald Trump's advantage in the vast middle of American society: suburban residents and middle-income households, as per new poll.",Politics,https://www.msn.com/en-in/news/world/exclusive-kamala-harris-overtakes-donald-trump-among-suburban-residents-reutersipsos-polling-shows/ar-AA1s1D4M,https://www.bing.com/th?id=OVFT.jehaxbi9_GfT4mH5D8YbOS&pid=News,WION on MSN.com,10-Oct-24,neutral
Latest news on Dolly after Kaizer Chiefs,Former Kaizer Chiefs captain Keagan Dolly is not doing so well. The Johannesburg-born player is still searching for a new club.,Sports,https://www.msn.com/en-za/news/other/latest-news-on-dolly-after-kaizer-chiefs/ar-AA1rWNm0,https://www.bing.com/th?id=OVFT.pOi1_RkR0B7FzQumfLXpsi&pid=News,richest on MSN.com,09-Oct-24,negative
"Vinesh Phogat, Julana Election Results LIVE: Phogat trailing by over 3,000 votes…BJP makes turn for better in Haryana","Wrestler Vinesh Phogat is contesting from Julana seat on a Congress ticket. If Phogat proves successful it will be the first time in 19 years that the grand old party wins here. In Haryana however, BJP seems to have gained lead in 46 seats.",Politics,https://www.livemint.com/elections/vinesh-phogat-haryana-assembly-election-results-2024-live-updates-julana-constituency-seat-vote-counting-congress-news-11728292913521-page-229.html,https://www.bing.com/th?id=OVFT.qv_Ks_JzZp1IuFdqF4Hjay&pid=News,Mint,08-Oct-24,positive
Baramulla Assembly Election 2024 Result Live Updates: Check Latest Trends From Jammu & Kashmir Election Results,"The Baramulla Assembly Constituency is one of Jammu & Kashmir's 90 assembly seats and recently participated in a single-phase election on September 18. As the counting of votes is currently in progress,",India,https://www.timesnownews.com/elections/baramulla-assembly-election-2024-result-live-updates-check-latest-trends-from-jammu-kashmir-election-results-article-114023719,https://www.bing.com/th?id=OVFT.hBrumpX6SwiBRNVaMwj_nC&pid=News,timesnownews,08-Oct-24,neutral
Kearney Catholic dedicates new stadium,"KEARNEY, Neb. (News Channel Nebraska) - The new-look Stars Stadium is now open at Kearney Catholic High School. The school hosted a dedication ceremony on Thursday for the $6.78 million complex. Better outdoor athletic facilities has been on the minds of many Kearney Catholic supporters for decades.",LifeStyle,https://www.msn.com/en-us/sports/nfl/kearney-catholic-dedicates-new-stadium/ar-AA1s47I6,https://www.bing.com/th?id=OVFT.WNTzT5lIZ6pAjMQ91LoCIi&pid=News,Lincoln & Hastings-Krny KSNB on MSN.com,11-Oct-24,positive
ESPN Announces Significant News Before WNBA Finals,"Before Thursday's WNBA Finals Game 1 between the Minnesota Lynx and New York Liberty, ESPN reported a 142% increase in WNBA playoff viewership compared to 2023, averaging 970,000 viewers across 17 games. That was the highest since the league’s inaugural season in 1997.",Sports,https://athlonsports.com/wnba/espn-announces-significant-news-before-wnba-finals-minnesota-lynx-new-york-liberty,https://www.bing.com/th?id=OVFT.kgSJTPxKf2PtD6-WJrP7Hy&pid=News,Athlon Sports,11-Oct-24,neutral
"AFL trades 2024: Trade period Day 5 live blog, Friday October 11, latest news, updates, confirmed moves, live trade chat, rumours and whispers","After all with less than a week left until the AFL trade deadline there’s still plenty that needs to get done. Follow all of Friday October 11’s trade news in our blog below, and ask questions in our live trade chat from 9am-5pm AEDT at the bottom of the article!",Sports,https://www.foxsports.com.au/afl/afl-trades-2024-trade-period-day-5-live-blog-friday-october-11-latest-news-updates-confirmed-moves-live-trade-chat-rumours-and-whispers/news-story/c2defd1e377ad85c499d477577b59163,https://www.bing.com/th?id=OVFT.S2AXoSBjchHE4aqQKwYYey&pid=News,Fox Sports,10-Oct-24,neutral
"2024 election update: Obama holds rally for Harris; latest polls, news | Oct. 10","Here's a look at latest election polls, maps, and news, including Obama holding a rally in Pittsburgh for Harris.",Politics,https://www.fox5ny.com/news/2024-election-update-latest-polls-news-oct-10,https://www.bing.com/th?id=OVFT.OvDc2H_q6CoMJIc7tir5ZC&pid=News,Fox 5 NY,10-Oct-24,neutral
"Breaking News Live: Confident his visit will give new energy to our bilateral relations, says PM Modi welcoming Jamaican counterpart Holness","Biden to keep target of accepting 125,000 refugees next year, memo says",World,https://timesofindia.indiatimes.com/india/latest-india-world-news-live-updates-today-breaking-news-october-1-2024/liveblog/113829263.cms,https://www.bing.com/th?id=OVFT.j1sQ4Q1ohU0LiTHtYKtRiy&pid=News,Indiatimes,01-Oct-24,neutral
"Breaking News Live: Akhilesh Yadav visits JPNIC in night, slams govt for barring entrance with tin sheets","India News Last Updates: Major terror incident averted in Baramulla, says Indian Army",World,https://timesofindia.indiatimes.com/india/latest-india-world-news-live-updates-today-breaking-news-october-11-2024/liveblog/114133993.cms,https://www.bing.com/th?id=OVFT.th1U33ez3w9VRb96_RrtgC&pid=News,Indiatimes,11-Oct-24,negative
Here are the latest news and big news stories to follow today,"Union Home Minister Amit Shah will review on Monday (October 7, 2024) the security situation of the Naxal-affected states with the Chief Ministers of eight states hit by the menace. The CMs of Andhra Pradesh, Bihar, Chhattisgarh, Jharkhand, Telangana, Odisha, Maharashtra and Madhya Pradesh will attend the meeting.",World,https://www.thehindu.com/newsletter/the-morning-brew/here-are-the-latest-news-and-big-news-stories-to-follow-today/article68726063.ece,https://www.bing.com/th?id=OVFT.raIQgz223yV6-yHz2KcZ4C&pid=News,The Hindu,06-Oct-24,neutral
"Is Malik Nabers playing this week? Latest news, injury updates on Giants WR's status for Week 6 vs. Bengals","Nabers suffered a concussion against the Cowboys on Thursday Night Football in Week 4, making it now two weeks since the injury.",Sports,https://www.msn.com/en-us/sports/nfl/is-malik-nabers-playing-this-week-latest-news-injury-updates-on-giants-wrs-status-for-week-6-vs-bengals/ar-AA1s6QTD,https://www.bing.com/th?id=OVFT.yIZOv_sIc9nyemXXK-AmmS&pid=News,Sporting News on MSN.com,11-Oct-24,negative
New Poll Delivers Even More Bad News For Harris Weeks Out From Election,"Former President Donald Trump is outperforming Vice President Kamala Harris among Hispanic male voters, according to an AP/NORC poll released",Politics,https://ijr.com/new-poll-delivers-even-more-bad-news-for-harris-weeks-out-from-election/,https://www.bing.com/th?id=OVFT.5VyaAP3GKd8y3K-xHvvs-C&pid=News,IJR,11-Oct-24,neutral
Trump to attend Fox News town hall with all-female audience,"Former President Trump will participate in a Fox News town hall with exclusively female voters next week, seeking to broaden his appeal to a group he has consistently struggled to win over. The event will be taped Tuesday in Cumming,",Politics,https://www.msn.com/en-us/news/politics/trump-to-attend-fox-news-town-hall-with-all-female-audience/ar-AA1s6xjZ,https://www.bing.com/th?id=OVFT.kSD8mKwS_uBroVZIshv9MC&pid=News,The Hill on MSN.com,11-Oct-24,neutral
'New world order'? Putin and Pezeshkian meet in person for first time in Ashgabat,"Moscow and Tehran signed a $1.7 billion deal for Iran to export drones to Russia after Putin sent troops into Ukraine in 2022, and the U.S. also believes it has transferred short-range ballistic missiles.",World,https://www.msn.com/en-us/news/world/new-world-order-putin-and-pezeshkian-meet-in-person-for-first-time-in-ashgabat/ar-AA1s7q9R,https://www.bing.com/th?id=OVFT.LxhkpFlXfOUnvR9aCeK-ti&pid=News,Euronews on MSN.com,12-Oct-24,neutral
AMD Launches New AI Chip to Take on Nvidia,"AMD has announced that its new MI325X chip, set for release in Q4 this year, is expected to surpass the performance of Nvidia’s current H200 AI chips.",ScienceAndTechnology,https://www.techopedia.com/news/amd-launches-new-ai-chip-to-take-on-nvidia,https://www.bing.com/th?id=OVFT.ahmqLLHUiPH0YA6Pjjh9MS&pid=News,Techopedia,11-Oct-24,neutral
Kevin Costner Releases New Song to Benefit Hurricane Victims and Provide 'Refuge' amid Ongoing Storms,"Proceeds for Costner's song with Modern West, ""Find Your Way,"" will go entirely to disaster relief fund Hope Force International",Entertainment,https://www.msn.com/en-us/music/celebrity/kevin-costner-releases-new-song-to-benefit-hurricane-victims-and-provide-refuge-amid-ongoing-storms/ar-AA1s78mD,https://www.bing.com/th?id=OVFT.W9uswLFwFcv21_X6vTVbCS&pid=News,People on MSN.com,11-Oct-24,negative
'When we meet' - Jurgen Klopp's former player slams ex-Liverpool boss over new job decision,"Red Bull appointing Jurgen Klopp as their new head of football has caused controversy in Germany, especially among supporters of his former club, Borussia Dortmund",Sports,https://www.msn.com/en-gb/news/newsliverpool/when-we-meet-jurgen-klopps-former-player-slams-ex-liverpool-boss-over-new-job-decision/ar-AA1s77Xe,https://www.bing.com/th?id=OVFT.9luAeF-HXcQLuWd-kqvlsi&pid=News,Liverpool Echo on MSN.com,11-Oct-24,neutral
Madison County Schools breaks ground on new intermediate school,Madison County School System officials said the new school will be on McKee Road and we serve the communities of Harvest and Toney.,LifeStyle,https://www.msn.com/en-us/news/us/madison-county-schools-breaks-ground-on-new-intermediate-school/ar-AA1s7d42,https://www.bing.com/th?id=OVFT.IpPMLMjl5yzaSXw8vaABxi&pid=News,Huntsville-Decatur WAFF on MSN.com,11-Oct-24,neutral
Tata Trusts confirms appointment of Noel Naval Tata as its new chairman,"Tata Trusts, in an official statement, confirmed the appointment of Noel Naval Tata as its new chairman after the demise of Ratan Tata, who served as esteemed chairman of Tata Group for decades and Chairman of the trust.",Business,https://theprint.in/economy/tata-trusts-confirms-appointment-of-noel-naval-tata-as-its-new-chairman/2307807/,https://www.bing.com/th?id=OVFT.GARgrXRF_uVzb1tFGikrfi&pid=News,ThePrint,11-Oct-24,neutral
We tried the new Coca-Cola Oreo Zero Sugar Slurpee: Here’s what we thought,When I first heard about the limited edition Coca-Cola Zero Sugar Oreo products — both the soda and the cookies – I thought it sounded like a good idea. It’s a combination of two things I like — Coca-Cola and Oreos.,LifeStyle,https://www.pennlive.com/business/2024/10/we-tried-the-new-coca-cola-oreo-zero-sugar-slurpee-heres-what-we-thought.html,https://www.bing.com/th?id=OVFT.OjoXGlrVjz0ui-aqs8_vYy&pid=News,Penn Live,11-Oct-24,positive
Kamala Harris Already Capitalizing on Trump’s Detroit-Bashing with New Campaign Ad,"The campaign of Vice President Kamala Harris has already cut a new ad featuring former President Donald Trump bashing Detroit. Speaking in the Motor City on Thursday, Trump claimed that if Harris wins,",Politics,https://www.msn.com/en-us/news/politics/kamala-harris-already-capitalizing-on-trump-s-detroit-bashing-with-new-campaign-ad/ar-AA1s79Ts,https://www.bing.com/th?id=OVFT._jlZXMC3M3B8uyDX4MfS8y&pid=News,Mediaite on MSN.com,11-Oct-24,neutral
Former Maybank CEO Amirsham Is Alliance Bank's New Chairman,"KUALA LUMPUR, OCT 11 (Bernama) -- Alliance Bank Malaysia Bhd has appointed Tan Sri Amirsham Abdul Aziz as its new chairman. Deputy chairman Ernest Wong Yuen Weng said the appointment, effective October 10, augurs well for the future of Alliance Bank.",Business,https://www.bernama.com/en/news.php?id=2350638,https://www.bing.com/th?id=OVFT.kW7OdfQHfxIjpSueYkjOLi&pid=News,bernama,11-Oct-24,neutral
"Dussehra 2024 Holiday: Schools Closed in Delhi, UP, Telangana, AP and Other States, Check Latest Updates","Schools in various states such as UP, Delhi, AP, Telangana, and others will remain closed on Dussehra aka Vijayadashami. Check latest news here.",LifeStyle,https://www.jagranjosh.com/news/dussehra-2024-school-holidays-list-up-delhi-telangana-ap-and-others-schools-closed-on-oct-12-check-latest-news-174555,https://www.bing.com/th?id=OVFT.KBnvp2fBj3DYX2MDYERS5y&pid=News,jagranjosh.com,11-Oct-24,neutral
"Latest entertainment News, Live Updates Today October 11, 2024: Adam Brody, Kristen Bell's Nobody Wants This renewed for season 2 by Netflix","Welcome to the live updates platform for Hindustan Times. Follow the major news updates, headlines and breaking news stories from the world of entertainment right here. See the latest developments in Bollywood,",Entertainment,https://www.msn.com/en-in/entertainment/other/latest-entertainment-news-live-updates-today-october-11-2024-adam-brody-kristen-bell-s-nobody-wants-this-renewed-for-season-2-by-netflix/ar-AA1s3oiY,https://www.bing.com/th?id=OVFT.73bGEeWghGdolbLbqjS_ri&pid=News,MSN,11-Oct-24,neutral
Will Russell Wilson play in Week 6? Latest news on Steelers starting QB situation,"With quarterback Russell Wilson healthy, the Pittsburgh Steelers had a decision to make this week between he and Justin Fields. Here's the latest on Pittsburgh starting quarterback situation and Wilson's status for Week 6.",Sports,https://www.sportingnews.com/us/nfl/pittsburgh-steelers/news/will-russell-wilson-play-week-6-news-steelers-starting-qb/546d514c8147dc402228ddcf,https://www.bing.com/th?id=OVFT.R2pyDoiGEsXMGehGQdB6Yi&pid=News,Sporting News,11-Oct-24,neutral
Harris campaign deploying Walz in new push for male voters in swing states,"Minnesota Gov. Tim Walz on Friday kicks off new push to reach male voters in swing states, Vice President Kamala Harris' campaign confirmed to ABC News. As part of the push, the campaign is highlighting ABC's Michael Strahan exclusive interview with Walz that aired on ""Good Morning America"" Friday morning.",Politics,https://www.msn.com/en-us/news/politics/harris-campaign-deploying-walz-in-new-push-for-male-voters-in-swing-states/ar-AA1s6tFz,https://www.bing.com/th?id=OVFT.0hHKCf0cMT-Js8GUhInHgi&pid=News,ABC News on MSN.com,11-Oct-24,neutral
Colorful launches new Z890 Motherboards for Intel Core Ultra 200 processors,"Colorful revealed seven different Z890 motherboard models, ranging from high-end options for performance enthusiasts to more affordable versions for mainstream users. Flagship models include the iGame Z890 Vulcan X/W,",ScienceAndTechnology,https://www.firstpost.com/tech/colorful-launches-new-z890-motherboards-for-intel-core-ultra-200-processors-13824635.html,https://www.bing.com/th?id=OVFT.SLG1DyuQ2jJCuRvXBypmyy&pid=News,Firstpost,11-Oct-24,neutral
Kamala Harris dines at Phoenix's most exclusive Mexican restaurant on latest campaign stop,"On a visit to promote early voting in the 2024 election, Kamala Harris visited a downtown Phoenix restaurant with a James Beard Award-winning chef.",LifeStyle,https://www.msn.com/en-us/travel/news/kamala-harris-dines-at-phoenix-s-most-exclusive-mexican-restaurant-on-latest-campaign-stop/ar-AA1s7CZs,https://www.bing.com/th?id=OVFT.aI3RBVOXXIcFxEikGhITCC&pid=News,Arizona Republic on MSN.com,12-Oct-24,neutral
NFL News: Dallas Cowboys lose star player with injury for blockbuster game against Lions,"Micah Parsons has been officially ruled out for the game between the Dallas Cowboys and the Detroit Lions as he couldn’t recover from an ankle injury. However, after the bye week, the linebacker should be ready to face the San Francisco 49ers.",Sports,https://bolavip.com/en/nfl/nfl-news-dallas-cowboys-lose-star-player-with-injury-for-blockbuster-game-against-lions,https://www.bing.com/th?id=OVFT.mAR49cuWSOSEDkBX3RPn2y&pid=News,bolavip,11-Oct-24,negative
‘NCIS’: Katrina Law Teases Why Knight’s Not Completely Happy With Her New Job,"Something tells us that Knight won’t be able to stay away from the team for long. Let’s hope that heart-to-heart with Parker helps bring her back where she belongs, to D.C.—or reveals something about that mysterious Lily.",Entertainment,https://www.msn.com/en-us/tv/news/ncis-katrina-law-teases-why-knight-s-not-completely-happy-with-her-new-job/ar-AA1s6upW,https://www.bing.com/th?id=OVFT.Zthq5VLdh6jnnQiFDyhGNS&pid=News,TV Insider on MSN.com,11-Oct-24,neutral
WA scientists respond to Mt. Adams earthquake activity with three new stations,"MOUNT ADAMS, Wash. - Scientists have installed three new temporary seismic stations at Mount Adams following unusual earthquake activity back in September. Mount Adams only has one nearby permanent monitoring station. The new installments will allow ...",ScienceAndTechnology,https://www.aol.com/news/wa-scientists-respond-mt-adams-204351857.html,https://www.bing.com/th?id=OVFT.c1Mqj4WXDmDU9qR_uGIkdC&pid=News,AOL,11-Oct-24,neutral
PWD allocates 6 Flag Staff Road as new residence for CM Atishi,"On Friday, the Aam Aadmi Party (AAP) shared pictures of Atishi signing documents at her home in Kalkaji, with her belongings packed in cartons. This update follows the party's claim that she was ""forcibly vacated"" from the 6 Flag Staff Road bungalow in the capital.",India,https://www.msn.com/en-in/money/topstories/pwd-allocates-6-flag-staff-road-as-new-residence-for-cm-atishi/ar-AA1s6mZy,https://www.bing.com/th?id=OVFT.LixiQlmF8i35bxgmzArzrS&pid=News,Business Today on MSN.com,11-Oct-24,neutral
Ex-Lightning Forward Thriving With New Team,"This former Tampa Bay Lightning forward is performing well with his new club. During the off-season, Cole Koepke signed a one-year contract with the Boston Bruins, officially ending his time with the Tampa Bay Lightning.",Sports,https://www.msn.com/en-us/sports/other/ex-lightning-forward-thriving-with-new-team/ar-AA1s7ezS,https://www.bing.com/th?id=OVFT.-AZVBXxdi77rvv4gYYszwS&pid=News,The Hockey News on MSN.com,11-Oct-24,positive
"REET 2025: Rajasthan Board introduces new format and negative marking, exam in January",The Rajasthan Board of Secondary Education (RBSE) has announced that the Rajasthan Eligibility for Teacher Education (REET) Level 2 exam will take place in January 2025.,Business,https://www.moneycontrol.com/education/reet-2025-rajasthan-board-introduces-new-format-and-negative-marking-exam-in-january-article-12840100.html,https://www.bing.com/th?id=OVFT.oOlY0zL-YQVwxfUEN-QQiS&pid=News,moneycontrol.com,11-Oct-24,neutral
"From fufu to tacos, here's the latest food and restaurant news in the Wilmington area","It’s a celebration of some of the diverse flavors this area has to offer in this week’s food and restaurant news. I got to try some truly unique ugusi soup, and some of the other specialties at the African Caribbean Market in Wilmington.",LifeStyle,https://www.msn.com/en-us/foodanddrink/foodnews/from-fufu-to-tacos-here-s-the-latest-food-and-restaurant-news-in-the-wilmington-area/ar-AA1s6r72,https://www.bing.com/th?id=OVFT.UG7wHOUqFF-O2O2g0BECES&pid=News,MSN,11-Oct-24,positive
Jio introduces new ISD minute packs starting at Rs 39,"Jio introduces new affordable ISD packs for prepaid and postpaid subscribers. Starting at Rs 39, these packs offer ISD minutes for many countries and have a 7-Day validity. Here are all the details you need to know.",ScienceAndTechnology,https://www.indiatvnews.com/technology/news/jio-introduces-new-isd-minute-packs-starting-at-rs-39-2024-10-11-956644,https://www.bing.com/th?id=OVFT.1LJIFxtw4GecIeTguuKh7y&pid=News,India TV,11-Oct-24,neutral
Rooted In | Celebrating a new generation of West Ham United supporters,"West Ham United today launches a new fan featured content series, Rooted In, which in our inaugural edition, to celebrate Black History Month, highlights a collective of West Ham supporting young Black creatives — featuring award-winning music producers,",LifeStyle,https://www.whufc.com/news/rooted-celebrating-new-generation-west-ham-united-supporters,https://www.bing.com/th?id=OVFT.3cVwjpBpjc4uqO1qHT1zGC&pid=News,West Ham United F.C.,11-Oct-24,neutral
Donald Trump just let some major news about one of his children slip: ‘That’s nice’,"The father to be? Michael Boulous, whom Tiffany married at Mar a Lago in Palm Beach in November 2022. He also got a shout-out, with Trump calling the 27 year old “a very exceptional young guy.” His father, Lebanese businessman Massad Boulous, was at Thursday’s event.",LifeStyle,https://www.miamiherald.com/miami-com/miami-com-news/article293825494.html,https://www.bing.com/th?id=OVFT.7zIvX1abTdua6I3rKJpaJi&pid=News,Miami Herald,11-Oct-24,positive
"Nvidia's stock surge, Uber picks up ChatGPT, and AMD's new chips: AI news roundup","Demand for artificial intelligence products sent Nvidia and Super Micro stocks surging this week. Meanwhile, fellow chipmaker AMD launched new AI chips as it eyes a $500 billion market for data center AI accelerators by 2028.",ScienceAndTechnology,https://www.yahoo.com/tech/nvidias-stock-surge-uber-picks-090000360.html,https://www.bing.com/th?id=OVFT.OKSqzVpShIO75aXWQZizpy&pid=News,Yahoo,11-Oct-24,neutral
"AFL trade news, rumours, whispers: Geelong, Western Bulldogs urged to avoid Bailey Smith going to national draft, deal, latest",The Cats and Western Bulldogs have been urged to avoid Bailey Smith being walked to the national draft as they haggle over a deal for the gun midfielder.,Sports,https://www.foxsports.com.au/afl/department-of-trade/afl-trade-news-rumours-whispers-geelong-western-bulldogs-urged-to-avoid-bailey-smith-going-to-national-draft-deal-latest/news-story/b7f0fa6c6128fafbe55f9a869a7bfe91,https://www.bing.com/th?id=OVFT.IxPFquH0UYU8BEtSKl-ErS&pid=News,Fox Sports,11-Oct-24,neutral
Trump to attend Fox News town hall with all-female audience,"Former President Trump will participate in a Fox News town hall with exclusively women voters next week, seeking to broaden his appeal to a group he has consistently struggled to win over. The",Politics,https://www.msn.com/en-us/news/other/trump-to-attend-fox-news-town-hall-with-all-female-audience/ar-AA1s6xjZ,https://www.bing.com/th?id=OVFT.WzXYfcsjH3vdQ4FyqY3YnS&pid=News,The Hill on MSN.com,11-Oct-24,neutral
"New OTT releases this weekend: Netflix, Prime Video, Disney+ Hotstar highlights","Whether you are looking for suspenseful thrillers, nostalgic dramas, or supernatural tales, there is plenty to explore across different streaming services",Entertainment,https://www.msn.com/en-in/money/other/new-ott-releases-this-weekend-netflix-prime-video-disney-hotstar-highlights/ar-AA1s5j2U,https://www.bing.com/th?id=OVFT.MFQmWl9VTy9Y4b3irdSQKi&pid=News,Business Today on MSN.com,11-Oct-24,neutral
"Meet Noel Tata, the new chairman of Tata Trusts who will carry forward Ratan Tata's legacy","Noel Tata joined the board of the Sir Ratan Tata Trust, one of the key trusts with substantial influence over Tata Sons and the Tata Group, in 2019.",Business,https://www.moneycontrol.com/news/business/who-is-noel-tata-the-new-chairman-of-tata-trusts-12840238.html,https://www.bing.com/th?id=OVFT.bf8rDVJuaIZrzyiuRjbKKC&pid=News,moneycontrol.com,11-Oct-24,neutral
Hezbollah forges new command for crucial ground war after heavy Israeli blows,"Hezbollah is preparing for a long war of attrition in south Lebanon, after Israel wiped out its top leadership, with a new military command directing rocket fire and the ground conflict, two sources familiar with its operations said.",World,https://www.reuters.com/world/middle-east/after-heavy-israeli-blows-hezbollah-forges-new-command-crucial-ground-war-2024-10-11/,https://www.bing.com/th?id=OVFT.buXbrz-_pWdM_axKo68Scy&pid=News,Reuters,11-Oct-24,negative
"Trump unveils new trade, tax deduction plans in meandering Detroit speech",Donald Trump addressed the Detroit Economic Club in a winding speech that lasted nearly two hours on Thursday.,Politics,https://www.usatoday.com/story/news/politics/elections/2024/10/10/trump-says-hell-make-auto-loan-interest-tax-deductible/75606184007/,https://www.bing.com/th?id=OVFT.UCbUxD5mzM0cNn7Wq3f-rS&pid=News,USA Today,11-Oct-24,neutral
Inside the Knicks’ strategy and maneuvering to bring Karl-Anthony Towns to New York,"The weekend before the preseason began, New York agreed to its second colossal transaction of the summer, sending Julius Randle and Donte DiVincenzo to the Minnesota Timberwolves for Towns, a man the Knicks had kept in the corner of their sightline for years. But the trade hardly ended with those three people.",Sports,https://www.nytimes.com/athletic/5834911/2024/10/11/karl-anthony-towns-trade-how-it-happened/,https://www.bing.com/th?id=OVFT.6j8AIR67iLeU2QJ1zJRH_y&pid=News,The New York Times,11-Oct-24,negative
Elon Musk unveils Tesla 'Cybercab': A fully autonomous robotaxi without steering wheels or pedals,"Tesla unveils the futuristic “Cybercab,” a fully autonomous vehicle without steering wheels or pedals, highlighting its vision for the future of driverless transport.",Business,https://www.msn.com/en-in/money/topstories/elon-musk-unveils-tesla-cybercab-a-fully-autonomous-robotaxi-without-steering-wheels-or-pedals/ar-AA1s44AL,https://www.bing.com/th?id=OVFT.hkgay1EJT2j6n7RMf38uKS&pid=News,Business Today on MSN.com,11-Oct-24,neutral
40 artists show their work at new Autumn exhibition,"The talent pool of artists associated with Welland Valley Art Society continues to expand, so visitors to the current exhibition at Stamford Arts Centre can be assured of seeing a great variety of paintings,",Entertainment,https://www.msn.com/en-gb/travel/tripideas/40-artists-show-their-work-at-new-autumn-exhibition/ar-AA1s4Sll,https://www.bing.com/th?id=OVFT.2-QuYlQByseOEFoNzA1JVy&pid=News,Peterborough Telegraph on MSN.com,11-Oct-24,positive
ITV unveils chilling new 'true' crime drama of one woman's 'astonishing will to survive',The upcoming four-part crime drama Until I Kill You will see Anna Maxwell Martin and Shaun Evans star in the lead roles as Delia Balmer and John Sweeney.,Entertainment,https://www.msn.com/en-gb/news/other/itv-unveils-chilling-new-true-crime-drama-of-one-woman-s-astonishing-will-to-survive/ar-AA1s5qL1,https://www.bing.com/th?id=OVFT.iUfqE88zi23A1osePdBLKC&pid=News,Liverpool Echo on MSN.com,11-Oct-24,neutral
Giants News: Malik Nabers Game Status For SNF Determined,"When the New York Giants take the field against the Cincinnati Bengals this weekend for Sunday Night Football, they will do so without star rookie wide receiver Malik Nabers. Nabers has been in the concussion protocol this week and hasn't been able to be cleared in time for the game.",Sports,https://www.msn.com/en-us/sports/motorsports/giants-news-malik-nabers-game-status-for-snf-determined/ar-AA1s6QrQ,https://www.bing.com/th?id=OVFT.B4H6T-VM83m9QDfpOxF8ui&pid=News,Newsweek on MSN.com,11-Oct-24,negative
The latest on the 2024 presidential campaign,"With less than a month until Election Day, former President Donald Trump and Vice President Kamala Harris are racing to make their final pitches to voters as the battle for the White House remains exceedingly tight.",Politics,https://www.cnn.com/politics/live-news/trump-harris-election-10-11-24/index.html,https://www.bing.com/th?id=OVFT.fbh8j5fYvXJ24KkqUZDr8i&pid=News,CNN,11-Oct-24,neutral
Middle East latest: Fear and chaos as Lebanese pack suitcases and flee site of deadly Israeli strike,"The Israeli military has fired at a peacekeeper observation post in Lebanon, a UN source has told Reuters - the second such attack in two days. And in Beirut, rescuers are searching for survivors after Israeli strikes killed at least 22.",World,https://news.sky.com/story/israel-hezbollah-lebanon-beirut-un-tank-iran-gaza-hamas-latest-sky-news-live-12978800?postid=8424862,https://www.bing.com/th?id=OVFT.Hx04Mf-cUQHbN0utPThjIS&pid=News,Sky,11-Oct-24,negative
New Method Reads QR Codes On Uneven Surfaces,"Sometimes, we try to capture a QR code with a good digital camera on a smartphone, but the reading eventually fails. This usually happens when the QR",ScienceAndTechnology,https://www.miragenews.com/new-method-reads-qr-codes-on-uneven-surfaces-1335330/,https://www.bing.com/th?id=OVFT.ynOTpYBFhYdMBhPQ-bJgzC&pid=News,Armed robbery in Revesby,11-Oct-24,negative
Why Kamala Harris won’t appear on Fox News,"Without watching the vice president face scrutiny on screen, voters must find other ways to decide whether to back her on Nov 5",World,https://www.telegraph.co.uk/us/politics/2024/10/11/why-kamala-harris-wont-do-fox-news/,https://www.bing.com/th?id=OVFT.BCL0oVkqBULB33aHmktXVS&pid=News,The Daily Telegraph,11-Oct-24,neutral
"After Helene created a news blackout, here’s what my Asheville neighbors and I did","When the power went out in their Asheville homes, Susanne Paola Antonetta and her neighbors talked, shared supplies and posted signs with updates — all in person.",LifeStyle,https://www.msn.com/en-us/news/us/how-i-connected-without-tech-in-my-asheville-neighborhood-after-helene/ar-AA1s6sGe,https://www.bing.com/th?id=OVFT.JyWo9JdVtGcSlGMGSVapIy&pid=News,CNN on MSN.com,11-Oct-24,neutral
Former Sunderland manager lands shock new role at Newcastle United as young duo aim to impress,The latest news from Sunderland as the Black Cats look to continue an impressive run of form after the international break.,Sports,https://www.msn.com/en-gb/sport/football/former-sunderland-manager-lands-shock-new-role-at-newcastle-united-as-young-duo-aim-to-impress/ar-AA1s6yNe,https://www.bing.com/th?id=OVFT.HzLAqnITO6qbNwixHxSBHi&pid=News,Sunderland Echo on MSN.com,11-Oct-24,positive
What Sandro Tonali loved in passing latest comeback 'challenge',"Newcastle United midfielder Sandro Tonali says Italy were 'having fun' in the first half of their Nations League clash with Belgium, as the £55m star continued his comeback.",Sports,https://www.msn.com/en-gb/sport/football/what-sandro-tonali-loved-in-passing-latest-comeback-challenge/ar-AA1s5zEL,https://www.bing.com/th?id=OVFT.4_ul4ZCu9J9GmsBFJQ4WqS&pid=News,Chronicle Live on MSN.com,11-Oct-24,positive
South Park Meals on Wheels program back up and running in new location,"The space was previously being rented out by a church, but that agreement came to an end last week. Now, the Meals on Wheels Program will officially call the lower floor of the hall home. It's a perfect space, according to Mason and her volunteers, because there are no stairs.",LifeStyle,https://www.msn.com/en-us/video/other/south-park-meals-on-wheels-program-back-up-and-running-in-new-location/ar-AA1s7nHI,https://www.bing.com/th?id=OVFT.zrVabv4I3qvr_Gp0NcqI7S&pid=News,WTAE-TV on MSN.com,12-Oct-24,neutral
Red Dead Redemption’s $50 PC price tag could be bad news for GTA 6,"Red Dead Redemption is finally coming to PC, but the price tag could be another indicator that GTA 6 will cost more than traditional titles.",ScienceAndTechnology,https://www.dexerto.com/gta/red-dead-redemptions-50-pc-price-tag-could-be-bad-news-for-gta-6-2926389/,https://www.bing.com/th?id=OVFT.7Zrx-9G19Iykv0ytAhKZMi&pid=News,Dexerto,11-Oct-24,neutral
"Is Malik Nabers playing this week? Latest news, injury updates on Giants WR's status for Week 6 vs. Bengals","Nabers suffered a concussion against the Cowboys on Thursday Night Football in Week 4, making it now two weeks since the injury.",Sports,https://www.msn.com/en-us/sports/nfl/is-malik-nabers-playing-this-week-latest-news-injury-updates-on-giants-wr-s-status-for-week-6-vs-bengals/ar-AA1s6QTD,https://www.bing.com/th?id=OVFT.eVSoLa5tYp2E19R2eOGpCi&pid=News,MSN,11-Oct-24,negative
The Latest: Hurricanes have jumbled campaign schedules for Harris and Trump,Back-to-back hurricanes have jumbled the presidential campaign schedules of Democrat Kamala Harris and Republican Donald Trump,Politics,https://www.msn.com/en-us/news/politics/the-latest-hurricanes-have-jumbled-campaign-schedules-for-harris-and-trump/ar-AA1s6AFz,https://www.bing.com/th?id=OVFT.UJyorffWz26SSNZNtzUOKy&pid=News,The Associated Press on MSN.com,11-Oct-24,neutral
"Arsenal injury update: Bukayo Saka, Kai Havertz and Martin Odegaard latest news and return dates","Bukayo Saka, Kai Havertz and Martin Odegaard latest news and return dates - Gunners are once again sweating on the fitness of key players amid another damaging international break",Sports,https://www.msn.com/en-gb/sport/football/arsenal-injury-update-bukayo-saka-kai-havertz-and-martin-odegaard-latest-news-and-return-dates/ar-AA1s5mjj,https://www.bing.com/th?id=OVFT.N8njso3y-xLXcFqy7-f3NS&pid=News,Evening Standard on MSN.com,11-Oct-24,negative
"Hugh Grant says the new Bridget Jones film will be 'extremely funny and very, very sad'",Grab a glass of Chardonnay and get out your huge knickers because Bridget Jones is back. Here's everything we know about 'Bridget Jones: Mad About The Boy'.,Entertainment,https://www.dailymail.co.uk/home/you/article-13949889/bridget-jones-4.html,https://www.bing.com/th?id=OVFT.qmUy4Icu_lJm1pO8ZJtPBi&pid=News,Daily Mail,11-Oct-24,neutral
UK economy rebounds in August in boost to new govt,"Britain's economy bounced back in August, official data showed Friday, boosting the new Labour government ahead of its maiden budget later in October. - 'Mild slowdown' - Revised official growth data revealed last month that Britain's economy grew less than initially estimated in the second quarter.",Business,https://www.msn.com/en-xl/africa/other/uk-economy-rebounds-in-august-in-boost-to-new-govt/ar-AA1s4IUL,https://www.bing.com/th?id=OVFT.JalVZrXoCyiy-pRF-L_SuS&pid=News,Tuko on MSN.com,11-Oct-24,neutral
"I hate Trump, and I loved the new Trump movie 'The Apprentice'","""The Apprentice,"" the new Trump biopic about his early career, features Oscar-worthy performances, says SFGATE columnist Drew Magary.",Entertainment,https://www.sfgate.com/sf-culture/article/trump-apprentice-film-review-19821166.php,https://www.bing.com/th?id=OVFT.Q4NqH5l9qtYXolrCoHEL7C&pid=News,SFGate,11-Oct-24,neutral
New York Yankees linked as potential suitors for star Japanese pitcher,"One player to potentially monitor is Japanese left-handed pitcher Shinnosuke Ogasawara of the Chunichi Dragons, who has requested to apply for the posting system. While the Yankees weren't predicted to land the 26-year-old star, they were mentioned as potential players in the running for Ogasawara by Erik Beaston of Bleacher Report.",Sports,https://www.msn.com/en-us/sports/mlb/new-york-yankees-linked-as-potential-suitors-for-star-japanese-pitcher/ar-AA1s5Nei,https://www.bing.com/th?id=OVFT.lL7qp_9rZgwZ0U8yxgK1cS&pid=News,Sporting News on MSN.com,11-Oct-24,neutral
ITV Coronation Street's Max and Lauren's secret 'sealed' - and it's bad news for Bobby,"Coronation Street is lining up a mystery for Lauren Bolton and Max Turner in upcoming scenes, with the pair acting suspiciously amid the murder of someone linked to them",Entertainment,https://www.nottinghampost.com/news/celebs-tv/itv-coronation-streets-max-laurens-9626619,https://www.bing.com/th?id=OVFT.bTK0dxvyhXDVp9rVyog6VC&pid=News,Nottingham Post,12-Oct-24,negative
Council's £13m shortfall for new leisure centres,"Plans for two new leisure centres in Lancashire towns will need to be reconsidered because development costs have risen by £17m, councillors have been told. The proposals for brand new venues in Ormskirk and Skelmersdale were being drawn up, along with a £3m scheme to refurbish Burscough sports centre.",Politics,https://www.bbc.com/news/articles/c3dv2xj1030o,https://www.bing.com/th?id=OVFT.3NmnwC1uHxoZhSxxUWu4cC&pid=News,BBC,12-Oct-24,neutral
"Mick Jagger, 81, Welcomes Tiny New Addition to His Family","In addition to Georgia May, Jagger shares daughter Elizabeth and sons James and Gabriel with Hall. Jagger also shares son Lucas with Brazilian lingerie model Luciana Gimenez Morad and his youngest son, 7-year-old Deveraux, with his girlfriend, Melanie Hamrick.",Entertainment,https://au.yahoo.com/lifestyle/mick-jagger-81-welcomes-tiny-222804705.html,https://www.bing.com/th?id=OVFT.c735W7vRQ664mRn7ROczLS&pid=News,Yahoo Style Australia,11-Oct-24,neutral
McDonald's snubs Plymouth from new 11am change,"McDonald's has rolled out a big menu change available from 11am - but its restaurants in Plymouth have been snubbed. The fast food giant confirmed its new October menu earlier this month, with the return of some seasonal fan favourites, such as the McCrispy Deluxe, as well as new items, including Cheese Bites.",LifeStyle,https://www.devonlive.com/news/devon-news/mcdonalds-snubs-plymouth-new-11am-9624887,https://www.bing.com/th?id=OVFT.Eppbtfs62RfHaW0Uf1oe9C&pid=News,Crime,11-Oct-24,negative
"Tigers vs. Guardians new start time, explained: MLB reschedules ALDS Game 5 with rain in Cleveland forecast","Here's everything to know about the Tigers vs. Guardians new start time, including why ALDS Game 5 will be rescheduled with rain in the Cleveland forecast.",Sports,https://www.msn.com/en-ca/sports/mlb/tigers-vs-guardians-new-start-time-explained-mlb-reschedules-alds-game-5-with-rain-in-cleveland-forecast/ar-AA1s6XcC,https://www.bing.com/th?id=OVFT.HXgYyZ03JF_VqOQFWXgOKC&pid=News,Sporting News on MSN.com,11-Oct-24,neutral
Coronation Street confirms unexpected death as legends reel in new spoiler videos,"News of a death, plus some missing cash, make Coronation Street incredibly eventful next week (Picture: ITV) Coronation Street is set to deliver an intense week on the cobbles, as confirmed in my brand new spoiler videos, with confirmation of a death ...",Entertainment,https://metro.co.uk/2024/10/11/coronation-street-videos-confirms-unexpected-death-legends-reel-21777326/?ico=metro-posts_article_whats-trending-now,https://www.bing.com/th?id=OVFT.xg_G7C0EaRqN61WGLDy2_i&pid=News,Metro,11-Oct-24,positive
"Middle East latest: 'Outrage' as Italy, France and Spain say Israel violated international law by targeting peacekeepers","The Israeli military has fired at a peacekeeper observation post in Lebanon, the UN has said - the second such attack in two days. And in Beirut, rescuers are searching for survivors after Israeli strikes killed at least 22.",World,https://news.sky.com/story/israel-hezbollah-lebanon-beirut-un-tank-iran-gaza-hamas-latest-sky-news-live-12978800?postid=8427508,https://www.bing.com/th?id=OVFT.Hx04Mf-cUQHbN0utPThjIS&pid=News,Sky,12-Oct-24,negative
From 'Vaazhai' to 'Stree 2': New OTT releases this week,We bring you a list of films and series that are streaming on various OTT platforms..OTT. OTT releases. OTT releases this week. OTT releases this week. movies. web series. OTT releases. vaazhai. Stree,Entertainment,https://www.onmanorama.com/entertainment/entertainment-news/2024/10/11/ott-releases-this-week-october-movies-web-series-netflix-prime.html,https://www.bing.com/th?id=OVFT.m37MTXEr2wr5lTTbCzev5C&pid=News,onmanorama,11-Oct-24,neutral
Kiir asks new Warrap governor to deal with insecurity,"Francis Marial was appointed as Governor of Warrap State on Wednesday, following the revocation of the appointment of the former director general of the Internal Security Bureau of the National Security Service (NSS), Gen. Akol Koor Kuc, as Governor.",Politics,https://radiotamazuj.org/en/news/article/kiir-asks-new-warrap-governor-to-deal-with-insecurity,https://www.bing.com/th?id=OVFT.80NCoyk0rbsUWrk_90B7ei&pid=News,Radio Tamazuj,12-Oct-24,neutral
Noel Tata is new Tata Trusts chairman: ‘Will carry on legacy’,"Noel Tata Appointed Chairman of Tata Trusts: Noel Naval Tata was Friday named the successor of Ratan Tata at Tata Trusts, the majority owner of Tata Sons, the holding company of the Tata group. He will now guide the $165 billion conglomerate at a time when the group faces several challenges globally and domestically.",Business,https://indianexpress.com/article/business/noel-tata-appointed-chairman-tata-trusts-9615258/?ref=hometop_hp,https://www.bing.com/th?id=OVFT.MPttTHM69I_DYk8yWgs2Wy&pid=News,The Indian Express,11-Oct-24,neutral
Caitlin Clark's heartfelt gesture to JuJu Watkins sparks a new era for women's basketball,"Beyond the highlights and headlines, Caitlin Clark's off-the-court gestures are making waves, especially with the next generation of basketball stars. And when USC head coach Linds",Sports,https://www.marca.com/en/basketball/wnba/indiana-fever/2024/10/12/6709aff522601d5c268b45a4.html,https://www.bing.com/th?id=OVFT.N72BsBCdWpx_foGjY5XO1i&pid=News,MARCA,11-Oct-24,neutral
"Ted Cruz leads Colin Allred by 5 points, new poll shows",A new Marist poll shows Republican Ted Cruz with a 5 percentage point lead over Democratic challenger Colin Allred in their Senate race.,Politics,https://www.fox4news.com/news/ted-cruz-colin-allred-poll-october-2024,https://www.bing.com/th?id=OVFT.QoUVKLKynYANFpSQA7qMdy&pid=News,KDFW,11-Oct-24,neutral
A new Italian American museum opens in Little Italy next week,"A new museum of Italian American history will open at the same location in Little Italy next Monday, October 14, coinciding with the Columbus Day holiday. Construction began in 2018 on a new building at 155 Mulberry Street,",LifeStyle,https://www.timeout.com/newyork/news/a-new-italian-american-museum-opens-in-little-italy-next-week-101124,https://www.bing.com/th?id=OVFT.1NawABnLSEU_1Uno1kZa6y&pid=News,Time Out,11-Oct-24,neutral
Singapore to launch new leadership training programme for Laos government officials next year: PM Wong,The Leadership and Governance Training Programme aims to share Singapore’s development experience and provide a platform for exchanging best practices.,World,https://www.channelnewsasia.com/singapore/singapore-laos-leadership-training-programme-government-officials-lawrence-wong-4673261,https://www.bing.com/th?id=OVFT.tDZS-B9nG-RIXNMwkoKqQi&pid=News,Channel NewsAsia Singapore,11-Oct-24,neutral
Fact Check: Trump Boasts About Nonexistent New York Times Election Apology,Donald Trump claimed that The New York Times had apologized to readers after he won the 2016 presidential race.,Politics,https://www.msn.com/en-us/news/politics/fact-check-trump-boasts-about-nonexistent-new-york-times-election-apology/ar-AA1s71RT,https://www.bing.com/th?id=OVFT.V24ION1VHzGfAGHN6_p6fy&pid=News,Newsweek on MSN.com,11-Oct-24,neutral
Taylor Swift and Travis Kelce enjoy intimate double date night with Blake Lively and Ryan Reynolds in New York,The A-list foursome was seen arriving at hotspot The Corner Store in the Soho neighborhood of New York City on Friday night.,Entertainment,https://www.dailymail.co.uk/tvshowbiz/article-13952095/Taylor-Swift-Travis-Kelce-Blake-Lively-Ryan-Reynolds-New-York.html,https://www.bing.com/th?id=OVFT.AqFQkLkZdkDajboHLm58Gy&pid=News,Daily Mail,12-Oct-24,neutral
New Munson Community Mural is Growing,"UTICA, N.Y. -- Progress is being made on Munson's Genesee Street community mural. You may have seen work being done on the Genesse Street Studio on Munson's campus. This is Munson's community mural that is being done by lead artist Jared Christopher Diaz, co-artist Demetrius Felder, and co-artist Daniel Levin.",LifeStyle,https://www.wktv.com/news/local/new-munson-community-mural-is-growing/article_7e5a5bbe-8802-11ef-9126-737a542e1499.html,https://www.bing.com/th?id=OVFT.p2aXYJ0GG1ISlaWEBbvwdi&pid=News,WKTV,11-Oct-24,neutral
"'Showdown' in Sin City points toward new horizons for PGA Tour, LIV Golf","The dramatically named "" Showdown ,"" slated to take place on Dec. 17 at Shadow Creek Golf Course in Las Vegas, pits the PGA Tour against LIV Golf. The world's No. 1 and No. 3 players, Scottie Scheffler and Rory McIlroy, will represent the PGA, while major champions Bryson DeChambeau and Brooks Koepka have agreed to be the faces of LIV.",Sports,https://www.yardbarker.com/golf/articles/showdown_in_sin_city_points_toward_new_horizons_for_pga_tour_liv_golf/s1_13132_41038435,https://www.bing.com/th?id=OVFT.NeY02dX9KFk88CNkuawBmi&pid=News,Yardbarker,11-Oct-24,neutral
Brook Park City Council set to approve new Carpenter Park playground project,"Brook Park City Council is expected to approve a plan to build a new playground at Carpenter Park, with most of the cost covered by grants.",Politics,https://www.msn.com/en-us/news/other/brook-park-city-council-set-to-approve-new-carpenter-park-playground-project/ar-AA1s7bJ4,https://www.bing.com/th?id=OVFT.EfPbMkydmsoqHAUkzhsdJi&pid=News,Cleveland.com on MSN.com,11-Oct-24,neutral
"Golden Goose sneakers are up to $245 off at Gilt, but only for a limited time",There's something about fall fashion that only a great pair of distressed kicks can elevate. Shop popular Golden Goose styles at Gilt for as little as $370.,LifeStyle,https://www.lehighvalleylive.com/business/2024/10/golden-goose-sneakers-are-up-to-245-off-at-gilt-but-only-for-a-limited-time.html,https://www.bing.com/th?id=OVFT.dxvSv6dbkv9rZngvkZBNWy&pid=News,Lehigh Valley Live,11-Oct-24,negative
Can Kamala Harris beat Donald Trump? Latest poll updates,"With just weeks to go, a new poll now finds Trump leading in multiple swing states, with margins mostly too close to call between the two candidates. But Trump may be losing his grip on older generations of voters, with the latest New York Times polls ...",World,https://ca.yahoo.com/news/kamala-harris-beat-donald-trump-142506864.html,https://www.bing.com/th?id=OVFT.1RdvdkQ7Sm7n8zR7iH24Ky&pid=News,Yahoo News Canada,11-Oct-24,negative
40 percent in new survey planning to vote early: Gallup,"About 4 in 10 registered voters in the U.S. are planning to take advantage of early voting in 2024, according to Gallup. An analysis of voting trends by the pollster, released Friday, shows that",Politics,https://www.msn.com/en-us/news/politics/40-percent-in-new-survey-planning-to-vote-early-gallup/ar-AA1s62EE,https://www.bing.com/th?id=OVFT.bvpWBl1peQNrtZLzfsiC-S&pid=News,The Hill on MSN.com,11-Oct-24,neutral
Nicky Devlin signs new Aberdeen contract as Jimmy Thelin outlines why he's exactly the type of player Dons need,"The 30-year-old's performances have been rewarded with a first call-up to the Scotland squad for the Nations League double header against Croatia and Portugal, joining club teammates Jack Mackenzie and Kevin Nisbet who were both drafted in by Steve Clarke after Greg Taylor and Lawrence Shankland pulled out with injury.",Sports,https://www.msn.com/en-gb/sport/football/nicky-devlin-signs-new-aberdeen-contract-as-jimmy-thelin-outlines-why-hes-exactly-the-type-of-player-dons-need/ar-AA1s7bRG,https://www.bing.com/th?id=OVFT.x3etJIaQahQ6sVWZUjRBPS&pid=News,Daily Record on MSN.com,11-Oct-24,neutral
Blazing redheads are burning up Fire Island in the new “Red Hot” calendar,"If a 14-page calendar is not enough to satisfy your ginger cravings, Red Hot also recently launched its latest book: Red Hot Desire. It too explores the beauty of red-headed guys across six specific chapters and 144 pages – including more of the Fire Island pics seen here. Check redhot100.com for info on both.",LifeStyle,https://www.queerty.com/blazing-redheads-are-burning-up-fire-island-in-the-new-red-hot-calendar-20241011,https://www.bing.com/th?id=OVFT.oGWoI3-BUntLo92waUPuPy&pid=News,Queerty,11-Oct-24,neutral
India vs New Zealand: Jasprit Bumrah set to take over captaincy in Rohit Sharma’s absence,"After their T20I series against Bangladesh, India will contest in a three-match Test series against New Zealand starting October 16.",Sports,https://indianexpress.com/article/sports/cricket/india-squad-new-zealand-test-series-bumrah-vice-captain-shami-9615916/,https://www.bing.com/th?id=OVFT.QR82GVLAUokYlQbNwC-yMC&pid=News,The Indian Express,11-Oct-24,neutral
Singapore Colleges Are New Travel Hotspot for China’s Tiger Moms,Millions of Chinese flew abroad for the Golden Week holiday and ended up touring university campuses in Singapore.,LifeStyle,https://www.hindustantimes.com/education/news/singapore-colleges-are-new-travel-hotspot-for-china-s-tiger-moms-101728705139407.html,https://www.bing.com/th?id=OVFT.vA3JZBI9_0wH477KZz7XCC&pid=News,Hindustan Times,12-Oct-24,neutral
Selena Gomez produces new documentary amid 'Emilia Pérez' release,"Selena Gomez has posted an official trailer of her new documentary Louder: The Sound track Of Change.The Only Murders in the Building starlet produced the upcoming documentary with Stacey Abrams.On Friday,",Entertainment,https://jang.com.pk/en/22678-selena-gomez-produces-new-documentary-amid-emilia-prez-release-news,https://www.bing.com/th?id=OVFT.Nrf5SeWnhCjkmaezRBf_6i&pid=News,Daily Jang,12-Oct-24,neutral
US credit spreads narrow to new lows as economy looks up,"U.S. corporate credit spreads hit fresh multi-year lows in recent days in a sign of growing investor confidence, although some market participants worry corporate debt investors may be too optimistic given economic risks ahead.",Business,https://www.reuters.com/markets/rates-bonds/us-credit-spreads-narrow-new-lows-economy-looks-up-2024-10-11/,https://www.bing.com/th?id=OVFT.MQK5_YDA_8HVRyEJQ9_woC&pid=News,Reuters,11-Oct-24,negative
"Tamela Mann Talks New Album, 'Live Breathe Fight' and More","Award-winning singer, songwriter, actress and entrepreneur Tamela Mann joins Good Day DC to talk about the release of her new album, 'Live Breathe Fight' and more.",Entertainment,https://www.yahoo.com/news/tamela-mann-talks-album-live-192100880.html,https://www.bing.com/th?id=OVFT.zxEHBmTHs77rATz0tq7rsi&pid=News,Yahoo,11-Oct-24,neutral
"Elon Musk unveils Cybercab, Tesla's new robotaxi","Tesla CEO Elon Musk recently introduced the Cybercab, the company's new robotaxi prototype, at an event titled 'We, Robot' in Burbank, California. The vehicle is fully autonomous, designed without a steering wheel or pedals,",ScienceAndTechnology,https://www.thedailystar.net/tech-startup/news/elon-musk-unveils-cybercab-teslas-new-robotaxi-3725756,https://www.bing.com/th?id=OVFT.rSNSCUDiCYFMR64WIpuoLC&pid=News,The Daily Star,12-Oct-24,neutral
"Shiv Texchem IPO allotment finalised today; know latest GMP, step-by-step guide to check status","Shiv Texchem IPO allotment has been finalised today, October 11. Investors can check their allotment status on Link Intime's portal. The IPO was oversubscribed 156.55 times and listing is set for October 15 on BSE SME.",Business,https://www.livemint.com/market/ipo/shiv-texchem-ipo-allotment-in-focus-today-know-latest-gmp-step-by-step-guide-to-check-status/amp-11728617680573.html,https://www.bing.com/th?id=OVFT.r0HTOZiXF0zkTZg1e-LweC&pid=News,Mint,12-Oct-24,neutral
"Latest entertainment News, Live Updates Today October 11, 2024: Citadel Honey Bunny: Manoj Bajpayee's Srikant Tiwari is baffled by Varun Dhawan, Samantha; calls them '90s' spies’","Welcome to the live updates platform for Hindustan Times. Follow the major news updates, headlines and breaking news stories from the world of entertainment right here. See the latest developments in Bollywood,",Entertainment,https://www.msn.com/en-in/entertainment/other/latest-entertainment-news-live-updates-today-october-11-2024-citadel-honey-bunny-manoj-bajpayee-s-srikant-tiwari-is-baffled-by-varun-dhawan-samantha-calls-them-90s-spies/ar-AA1s3oiY,https://www.bing.com/th?id=OVFT.xyKTU653u1v71HiwqVudxy&pid=News,MSN,11-Oct-24,neutral
"Express train collides with stationary goods train in TN, several feared injured",Several people are feared injured after a Mysore to Darbhanga Express train collided with a stationary goods train at Kavarapettai in Tamil Nadu. At least three coaches have derailed while one coach has caught fire. Relief and rescue teams from Chennai are headed for the incident site.,World,https://indianexpress.com/article/india/express-train-colludes-with-stationary-train-in-tamil-nadu-live-updates-9615867/,https://www.bing.com/th?id=OVFT.755uC1jHabJ5Lm3cbvyWly&pid=News,The Indian Express,11-Oct-24,negative
The latest on the wars in the Middle East,"Israeli strikes hit a residential building in central Beirut on Thursday, killing at least 22 people and injuring dozens, Lebanese authorities said.",World,https://www.cnn.com/world/live-news/israel-war-iran-palestine-lebanon-10-12-24/index.html,https://www.bing.com/th?id=OVFT.vgYFLdfgphfSjnOty3sE8i&pid=News,CNN,12-Oct-24,negative
New match added to AEW WrestleDream Zero Hour,A new bout is set for Saturday’s AEW WrestleDream Zero Hour pre-show.,Entertainment,https://www.f4wonline.com/news/aew/new-match-added-to-aew-wrestledream-zero-hour/,https://www.bing.com/th?id=OVFT.8xhomBhzrJZhP6pmaWB1_i&pid=News,f4wonline,12-Oct-24,neutral
Tohana Assembly Election 2024 Result Live Updates: Check Latest Trends From Haryana Election Results,"The Tohana Assembly constituency, part of the Haryana Legislative Assembly, held its elections on October 5. Vote counting is currently in progress. Stay tuned to Times Now for the latest updates on the results.",Politics,https://www.timesnownews.com/elections/tohana-assembly-election-2024-result-live-updates-check-latest-trends-from-haryana-election-results-article-114023531,https://www.bing.com/th?id=OVFT.d3F7bcXusr5RD55D_W6sWC&pid=News,timesnownews,08-Oct-24,neutral
Today's rugby news as Lions tour could change after new offer and Wales learn extent of star's injury,"SIGN UP: Get the new exclusive Inside Welsh rugby newsletter for full insight ... who has flown home from Cape Town for treatment. ""The scans returned better news than we first feared and it's not too bad,"" he said ahead of Friday's game.",Sports,https://www.walesonline.co.uk/sport/rugby/rugby-news/todays-rugby-news-lions-tour-30108516,https://www.bing.com/th?id=OVFT.p1UinSta8RElW_IUFiwwTi&pid=News,Wales Online,10-Oct-24,neutral
A new thriller movie filmed in Alberta has SO many locations to spot,"A new thriller movie just dropped a chilling trailer, and so many Alberta locations were featured in the background.",Entertainment,https://dailyhive.com/calgary/new-thriller-movie-alberta-locations,https://www.bing.com/th?id=OVFT.6DI97MtSzs0nQUpYNFxDNS&pid=News,Daily Hive,11-Oct-24,neutral
Daniel Ricciardo’s new social media post reveals message to Oscar Piastri,"Daniel Ricciardo's ""BTS"" photos from Singapore revealed his last helmet swap as an F1 driver, and it was with fellow Aussie Oscar Piastri.",Entertainment,https://www.msn.com/en-za/news/other/daniel-ricciardo-s-new-social-media-post-reveals-message-to-oscar-piastri/ar-AA1s4tyR,https://www.bing.com/th?id=OVFT.tk8aFxHOKubjDfDcxj-WCS&pid=News,PlanetF1.com on MSN.com,11-Oct-24,neutral
Inside life with Jack Grealish's new baby Mila Rose,"Sasha Attwood has shared her first social media post since giving birth to her daughter Mila, who she shares with her footballer boyfriend Jack Grealish",Entertainment,https://www.msn.com/en-gb/news/newsbirmingham/inside-life-with-jack-grealishs-new-baby-mila-rose/ar-AA1s4tqt,https://www.bing.com/th?id=OVFT.XnalbG6fLUwZ6RkYLxGKGi&pid=News,Birmingham Mail on MSN.com,11-Oct-24,neutral
New Yahoo News/YouGov poll: Sympathy for Israel increases amid widening Middle East conflict,"The number of Americans who said they were more sympathetic to Israel than to the Palestinians fell steadily as the war in Gaza dragged on. But now, one year after the Oct. 7 Hamas attacks, it has ticked up again.",World,https://www.yahoo.com/news/new-yahoo-newsyougov-poll-sympathy-for-israel-increases-amid-widening-middle-east-conflict-172621714.html,https://www.bing.com/th?id=OVFT.OXSJs2U3Dp6tOjzbgTPR3i&pid=News,Yahoo,08-Oct-24,negative
"Latest entertainment News, Live Updates Today October 11, 2024: Vicky Vidya Ka Woh Wala Video review: Rajkummar Rao can't save this disaster with great first hour ruined by ...","Welcome to the live updates platform for Hindustan Times. Follow the major news updates, headlines and breaking news stories from the world of entertainment right here. See the latest developments in Bollywood,",Entertainment,https://www.msn.com/en-in/entertainment/other/latest-entertainment-news-live-updates-today-october-11-2024-amitabh-bachchan-s-most-successful-partnership-has-given-him-11-hits-it-s-not-with-jaya-bachchan-rekha-shah-rukh-khan/ar-AA1s3oiY,https://www.bing.com/th?id=OVFT.uTjbCCCgVPqmOQaslFFmYS&pid=News,MSN,11-Oct-24,neutral
Income tax news: New TDS rates effective October 1 – What will change for taxpayers,"The Union Budget 2024 introduces income tax changes, including revised TDS rates, effective October 1. Notably, the 20% TDS on mutual fund unit repurchases is eliminated, while share buybacks will be taxed as dividends,",Business,https://www.msn.com/en-in/money/news/income-tax-news-new-tds-rates-effective-october-1-what-will-change-for-taxpayers/ar-AA1rw5eb,https://www.bing.com/th?id=OVFT.bdqs1YLb-BT6y1uWRKDsLi&pid=News,Live Mint on MSN.com,01-Oct-24,neutral
"Nine most expensive homes sold in West New York, Sept. 2 - Oct. 6",A house that sold for $1.5 million tops the list of the most expensive residential real estate sales in West New York between Sep. 2 and Oct. 6.,Business,https://www.nj.com/realestate-news/2024/10/nine-most-expensive-homes-sold-in-west-new-york-sept-2-oct-6.html,https://www.bing.com/th?id=OVFT.GceUW6Dy5TOaEs7Reg_-Fy&pid=News,NJ.com,12-Oct-24,neutral
"New video shows moments before man shot, killed by Glendale officers",New 911 calls and edited videos reveal new details leading up to a deadly officer-involved shooting in Glendale last month.,World,https://www.azfamily.com/2024/10/11/new-video-shows-moments-before-man-shot-killed-by-glendale-officers/,https://www.bing.com/th?id=OVFT._wihbaBs1NMBJAzwTUPogC&pid=News,AZFamily,12-Oct-24,neutral
Apple’s New iPhone Update—Bad News Revealed For Millions Of Google Users,"And while Google has teased Apple over its compromised deployment of RCS, it has also left no-one in any doubt as to how welcome this is. But there was always a risk that Google and its users wouldn’t see the levelled playing field they so wanted, and that risk now seems to be coming true.",ScienceAndTechnology,https://www.forbes.com/sites/zakdoffman/2024/10/11/apple-ios-18-bad-news-for-google-as-millions-of-iphone-15-iphone-16-users-update/,https://www.bing.com/th?id=OVFT.VXvIOPx3_wmmINJMrpVBIy&pid=News,Forbes,11-Oct-24,mixed
"Latest entertainment News, Live Updates Today October 11, 2024: Who was Nobuyo Oyama? Iconic Doraemon anime voice actress who passed away months after Nobita star's demise","Welcome to the live updates platform for Hindustan Times. Follow the major news updates, headlines and breaking news stories from the world of entertainment right here. See the latest developments in Bollywood,",Entertainment,https://www.msn.com/en-in/entertainment/other/latest-entertainment-news-live-updates-today-october-11-2024-who-was-nobuyo-oyama-iconic-doraemon-anime-voice-actress-who-passed-away-months-after-nobita-star-s-demise/ar-AA1s3oiY,https://www.bing.com/th?id=OVFT.tKL8wi-2Dx2qBxefkjbfAS&pid=News,MSN,11-Oct-24,neutral
United Airlines Adding 8 New International Destinations to Itinerary for Next Summer,"United Airlines is adding eight new international destinations to its itinerary for next summer. The airline, which said that this is its biggest international expansion ever with more than 760 weekly flights, will also be adding some new routes.",Business,https://www.msn.com/en-us/travel/news/united-airlines-adding-8-new-international-destinations-to-itinerary-for-next-summer/ar-AA1s6J6W,https://www.bing.com/th?id=OVFT.ixGF5HDhDPQ-13R7ElxpLC&pid=News,The Associated Press on MSN.com,11-Oct-24,neutral
United Airlines announces 8 new international destinations for summer 2025 expansion,"United Airlines is launching its largest international expansion ever, adding eight new destinations and over 760 weekly flights for summer 2025.",ScienceAndTechnology,https://www.fox35orlando.com/news/united-airlines-international-expansion-new-destinations-2025,https://www.bing.com/th?id=OVFT.ZmF4iXX95QZBaMY-EyLF3i&pid=News,WOFL,12-Oct-24,neutral
